registration_years_type0,1,0
occupation_白领,1,0
home_address,1,0
work_address,1,0
subroot_num,891,0
subroot_map_50008882,3247,0
subroot_map_50011977,183,0
subroot_map_50006528,1962,0
subroot_map_50012010,6242,0
subroot_map_50002258,3279,0
subroot_map_50010850,7845,0
job_list_,1,0
overseas_list_,1,0
qq_length_10,1,0
is_vip,1,0
is_number,1,0
total_pay,116062,0.01
avg_item,10467,0.01
tid_sum,1825,1
sf_sum,33,0
high_sum,459,0
middle_sum,806,0
low_sum,934,0
receivers,973,1
seller_sum,1931,1
phone_sum,803,0
pc_sum,1886,0
midnight_num,495,0
afternoon_num,1027,0
evening_num,806,0
midnight_sum,259,0
workday_num,1317,0
occupation_NULL,1,0
subroot_map_50012676,12357,0
qq_length_8,1,0
subroot_map_121414042,261,0
qq_length_0,1,0
subroot_map_50010101,1031,0
subroot_map_50010540,828,0
subroot_map_50011975,559,0
subroot_map_50012308,478,0
subroot_map_121388045,732,0
subroot_map_210207,76,0
subroot_map_50021413,149,0
subroot_map_50000697,6202,0
subroot_map_50000436,2444,0
subroot_map_50003948,40,0
subroot_map_122660002,72,0
subroot_map_50388003,119,0
subroot_map_50012033,488,0
subroot_map_50010158,953,0
registration_years_type4,1,0
occupation_医护,1,0
subroot_map_50012981,118,0
occupation_个体,1,0
subroot_map_50012906,527,0
qq_length_9,1,0
registration_years_type3,1,0
subroot_map_50013226,10,0
subroot_map_50021794,57,0
subroot_map_50012514,1633,0
subroot_map_50012546,41,0
occupation_工厂,1,0
subroot_map_50009211,78,0
subroot_map_122964001,10450,0
subroot_map_50020007,479,0
subroot_map_122438001,3234,0
subroot_map_50011993,67,0
subroot_map_50012645,1935,0
job_list_other,1,0
subroot_map_50017913,199,0
subroot_map_122950002,805,0
subroot_map_123002001,2208,0
subroot_map_50013865,6688,0
subroot_map_123248003,92,0
subroot_map_50020850,492,0
subroot_map_50016091,102,0
subroot_map_50552001,121,0
subroot_map_50006020,343,0
subroot_map_50009521,2156,0
subroot_map_50012448,74,0
subroot_map_50008281,3965,0
qq_length_15,1,0
subroot_map_50012716,7806,0
subroot_map_50003321,433,0
subroot_map_50008888,269,0
subroot_map_50005756,587,0
subroot_map_50007003,3003,0
subroot_map_162205,4053,0
high_sum_NULL,1,0
middle_sum_NULL,1,0
low_sum_NULL,1,0
subroot_map_50010103,137,0
registration_years_type2,1,0
subroot_map_50020836,76,0
subroot_map_50020835,1255,0
subroot_map_50022734,43,0
subroot_map_50000671,6510,0
subroot_map_50024641,1687,0
subroot_map_50018005,2,0
subroot_map_50012781,39,0
subroot_map_162116,1516,0
subroot_map_125024005,246,0
subroot_map_50012027,3708,0
subroot_map_50011277,2197,0
subroot_map_50017319,43,0
subroot_map_50013878,26037,0
subroot_map_50020848,718,0
subroot_map_50008548,121,0
subroot_map_122950008,2218,0
subroot_map_50024128,398,0
subroot_map_50020840,4053,0
subroot_map_50008545,195,0
subroot_map_50018772,127,0
subroot_map_50025860,1190,0
subroot_map_121400005,674,0
subroot_map_50024097,4334,0
subroot_map_50024095,895,0
subroot_map_50024094,30593,0
subroot_map_124506004,788,0
subroot_map_50010099,382,0
subroot_map_50009146,2908,0
subroot_map_50024103,83,0
subroot_map_50023497,1203,0
subroot_map_50002506,491,0
subroot_map_122920002,892,0
subroot_map_50014023,1493,0
subroot_map_50010368,487,0
subroot_map_122690003,1094,0
subroot_map_50005730,4369,0
subroot_map_302910,7090,0
subroot_map_50003949,3208,0
subroot_map_2132,3552,0
subroot_map_50015127,558,0
subroot_map_50014756,131,0
subroot_map_1623,5647,0
subroot_map_1622,6932,0
subroot_map_122968003,5001,0
subroot_map_50020519,63,0
subroot_map_50023504,3948,0
subroot_map_50023625,175,0
subroot_map_50023502,678,0
subroot_map_50014480,1897,0
subroot_map_50006846,8813,0
subroot_map_50014482,221,0
subroot_map_50014481,1670,0
subroot_map_50146004,149,0
subroot_map_121138001,194,0
subroot_map_50007010,622,0
subroot_map_2305,802,0
subroot_map_50009037,219,0
subroot_map_50020646,94,0
subroot_map_50020487,1487,0
subroot_map_50017085,370,0
subroot_map_50005747,393,0
subroot_map_50020490,64,0
subroot_map_122954001,4153,0
subroot_map_50002918,358,0
subroot_map_50010537,2808,0
subroot_map_50024050,701,0
subroot_map_121408038,884,0
subroot_map_50078002,44,0
subroot_map_50078001,73,0
subroot_map_121408037,17698,0
subroot_map_121434005,1995,0
subroot_map_50014227,21216,0
subroot_map_50006583,1065,0
subroot_map_50010042,647,0
subroot_map_50018708,221,0
subroot_map_123006001,276,0
subroot_map_122632007,668,0
subroot_map_50015285,1679,0
subroot_map_217312,196,0
subroot_map_121454006,2398,0
subroot_map_162104,3070,0
subroot_map_122680006,1821,0
subroot_map_50014479,156,0
subroot_map_50005757,4755,0
subroot_map_1629,1662,0
subroot_map_50050725,18,0
subroot_map_50013061,146,0
subroot_map_50008885,172,0
subroot_map_50012028,1966,0
subroot_map_50008565,96,0
occupation_公职,1,0
subroot_map_50015288,17,0
subroot_map_121408009,26,0
subroot_map_50012512,168,0
subroot_map_50012772,921,0
subroot_map_121408018,245,0
subroot_map_121370030,218,0
subroot_map_122970002,446,0
subroot_map_122852003,34,0
subroot_map_123008001,183,0
subroot_map_123004002,1394,0
subroot_map_50025007,130,0
subroot_map_50026403,179,0
subroot_map_50019630,636,0
subroot_map_122958002,3252,0
subroot_map_50018960,50,0
subroot_map_50015455,305,0
subroot_map_50012036,237,0
subroot_map_50010794,43,0
subroot_map_50013194,1976,0
subroot_map_162103,5999,0
subroot_map_50013794,54,0
occupation_教育,1,0
subroot_map_210605,38,0
subroot_map_50008898,4431,0
subroot_map_121390006,689,0
subroot_map_50011979,665,0
subroot_map_50008900,896,0
subroot_map_50001705,77,0
subroot_map_50025114,11,0
subroot_map_121412004,1806,0
subroot_map_50008557,112,0
subroot_map_50018327,27,0
subroot_map_50011978,427,0
subroot_map_50010518,618,0
subroot_map_50010539,358,0
subroot_map_50012343,68,0
subroot_map_123016002,571,0
subroot_map_50012436,348,0
subroot_map_121410037,239,0
occupation_大学,1,0
subroot_map_50010808,98,0
subroot_map_124470013,150,0
subroot_map_50000852,95,0
subroot_map_50012165,106,0
subroot_map_50012042,613,0
subroot_map_50000049,108,0
subroot_map_50010550,102,0
subroot_map_50000141,63,0
subroot_map_50012341,253,0
subroot_map_50023686,496,0
subroot_map_50020486,303,0
subroot_map_50002777,253,0
subroot_map_213002,902,0
subroot_map_50010796,234,0
subroot_map_50012770,94,0
subroot_map_50012404,185,0
subroot_map_50014757,261,0
subroot_map_50020491,12,0
subroot_map_50019601,670,0
subroot_map_50019935,666,0
subroot_map_50012135,399,0
subroot_map_50021057,133,0
subroot_map_50012482,198,0
subroot_map_50014248,168,0
subroot_map_50007116,586,0
subroot_map_50015292,99,0
subroot_map_50008876,4256,0
subroot_map_50011165,254,0
subroot_map_3035,1403,0
subroot_map_122666001,31,0
subroot_map_1624,1121,0
subroot_map_50019780,8,0
subroot_map_50010790,47,0
subroot_map_50012487,120,0
subroot_map_124246008,96,0
qq_length_20,1,0
subroot_map_50023066,10,0
subroot_map_50015207,13,0
subroot_map_50009821,97,0
subroot_map_50023105,293,0
subroot_map_50016889,53,0
subroot_map_50023728,28,0
subroot_map_50008899,499,0
occupation_银行,1,0
subroot_map_50020296,90,0
subroot_map_50015218,122,0
subroot_map_50025682,120,0
subroot_map_50026471,6,0
subroot_map_124388001,73,0
subroot_map_50009837,113,0
subroot_map_50008280,536,0
subroot_map_50010420,9,0
subroot_map_50594001,40,0
subroot_map_50012166,198,0
subroot_map_50026398,53,0
subroot_map_50008544,71,0
subroot_map_50013875,5157,0
subroot_map_50024109,1077,0
subroot_map_122956002,2177,0
subroot_map_50011123,561,0
subroot_map_50016663,1561,0
subroot_map_123378001,28,0
subroot_map_50011159,190,0
subroot_map_50004620,117,0
subroot_map_50024153,55,0
subroot_map_50008881,2063,0
subroot_map_50016353,802,0
subroot_map_50008430,9,0
subroot_map_121398006,1134,0
subroot_map_50020677,10,0
subroot_map_121386023,79,0
subroot_map_122242007,73,0
subroot_map_50008554,97,0
subroot_map_50316001,11,0
subroot_map_3314,280,0
subroot_map_50006000,110,0
subroot_map_50005033,236,0
subroot_map_50012825,127,0
subroot_map_50021419,69,0
subroot_map_50021417,208,0
subroot_map_121466009,33,0
subroot_map_50021415,131,0
subroot_map_122654005,358,0
subroot_map_50008543,14,0
subroot_map_50021420,416,0
subroot_map_50050199,169,0
subroot_map_121364004,170,0
subroot_map_121364003,94,0
subroot_map_50000813,67,0
subroot_map_50011980,373,0
subroot_map_110809,157,0
subroot_map_122620013,1014,0
subroot_map_50010530,18,0
subroot_map_50005060,164,0
subroot_map_50011826,283,0
subroot_map_50007125,391,0
subroot_map_1,0,0
subroot_map_50010527,201,0
subroot_map_50010406,1739,0
subroot_map_50010524,165,0
subroot_map_50010402,70,0
subroot_map_3338,55,0
subroot_map_50005050,51,0
subroot_map_50008563,5,0
subroot_map_124412002,12,0
subroot_map_50011717,31,0
subroot_map_50018230,66,0
subroot_map_50016058,170,0
subroot_map_122642004,13,0
subroot_map_122998001,272,0
subroot_map_50006217,403,0
subroot_map_122974003,175,0
subroot_map_50019651,1016,0
subroot_map_50015293,119,0
subroot_map_50010825,72,0
subroot_map_2165,41,0
subroot_map_121456019,333,0
subroot_map_50012907,63,0
subroot_map_50012908,38,0
subroot_map_123004001,277,0
subroot_map_122736001,410,0
subroot_map_50010815,38,0
subroot_map_50010813,1161,0
subroot_map_50018218,5,0
subroot_map_50016119,987,0
subroot_map_122918003,234,0
subroot_map_50008779,534,0
subroot_map_50005266,285,0
subroot_map_50008897,211,0
subroot_map_121386009,9,0
subroot_map_124708009,10,0
subroot_map_50018424,319,0
subroot_map_50018426,1108,0
subroot_map_121434004,88,0
subroot_map_50008883,1233,0
subroot_map_50006584,3630,0
subroot_map_121456022,29,0
subroot_map_50005250,951,0
subroot_map_50021837,2,0
subroot_map_50009857,30,0
subroot_map_50008528,341,0
subroot_map_50019641,1781,0
subroot_map_50050371,39,0
subroot_map_121462057,83,0
subroot_map_50050489,69,0
subroot_map_50015371,943,0
subroot_map_121384005,167,0
subroot_map_50013196,463,0
subroot_map_50015374,118,0
subroot_map_50015377,38,0
subroot_map_50013198,170,0
subroot_map_121956004,5,0
subroot_map_50019617,316,0
subroot_map_125058001,6,0
subroot_map_50020845,69,0
subroot_map_124346005,49,0
subroot_map_50020841,85,0
subroot_map_50016472,306,0
subroot_map_50024098,1398,0
subroot_map_50015262,48,0
subroot_map_121452006,44,0
subroot_map_124988005,6,0
subroot_map_350407,93,0
subroot_map_350404,44,0
subroot_map_350402,22,0
subroot_map_50008613,116,0
subroot_map_50008737,886,0
subroot_map_50012080,15,0
subroot_map_121384022,320,0
subroot_map_50010807,45,0
subroot_map_50010805,28,0
subroot_map_124208010,59,0
subroot_map_50012083,350,0
subroot_map_50023096,9,0
subroot_map_50010803,22,0
subroot_map_50016443,6,0
subroot_map_124208014,52,0
subroot_map_124392002,4,0
subroot_map_50016689,49,0
subroot_map_50016687,159,0
subroot_map_50019712,281,0
subroot_map_50018869,228,0
subroot_map_50004363,26,0
subroot_map_50008604,40,0
subroot_map_125046003,14,0
subroot_map_125046004,335,0
subroot_map_50016455,44,0
subroot_map_50013189,935,0
subroot_map_350507,11,0
subroot_map_121410016,127,0
subroot_map_50000072,54,0
subroot_map_50004674,79,0
subroot_map_121394007,87,0
subroot_map_50024048,305,0
subroot_map_124138007,6,0
subroot_map_50008904,479,0
subroot_map_125232003,22,0
subroot_map_50025012,45,0
subroot_map_50008906,115,0
subroot_map_50008905,331,0
subroot_map_123514003,166,0
subroot_map_50012068,16,0
subroot_map_50019812,26,0
subroot_map_290503,300,0
subroot_map_50015219,6,0
subroot_map_50005752,395,0
subroot_map_50008901,560,0
subroot_map_211708,83,0
subroot_map_211707,25,0
subroot_map_122894005,20,0
subroot_map_123454001,22,0
subroot_map_50014493,26,0
subroot_map_121382014,20,0
subroot_map_50018971,68,0
subroot_map_50018975,445,0
subroot_map_121454013,116,0
subroot_map_121454011,33,0
subroot_map_121476002,26,0
subroot_map_50025111,107,0
subroot_map_50023294,66,0
subroot_map_50012162,553,0
subroot_map_50012163,457,0
subroot_map_50012043,95,0
subroot_map_50015558,4,0
subroot_map_50001290,114,0
subroot_map_50005774,35,0
subroot_map_50005773,14,0
subroot_map_50003112,12,0
subroot_map_50152002,325,0
subroot_map_50023067,67,0
subroot_map_50070004,9,0
subroot_map_50012051,590,0
subroot_map_50013021,25,0
subroot_map_50015200,13,0
subroot_map_50015568,69,0
subroot_map_50011167,790,0
subroot_map_50012019,223,0
subroot_map_121426007,12,0
subroot_map_123000001,718,0
subroot_map_50025689,59,0
subroot_map_50013477,50,0
subroot_map_50011153,320,0
subroot_map_50011150,25,0
subroot_map_50004743,24,0
subroot_map_50004621,149,0
subroot_map_50005952,865,0
subroot_map_50024369,42,0
subroot_map_50024248,15,0
subroot_map_2909,97,0
subroot_map_50023283,87,0
subroot_map_50012031,45,0
subroot_map_50012032,398,0
subroot_map_50015988,91,0
subroot_map_110215,18,0
subroot_map_50000177,27,0
subroot_map_110210,63,0
subroot_map_110211,46,0
subroot_map_50050622,302,0
subroot_map_124406003,49,0
subroot_map_50003318,215,0
subroot_map_50023498,921,0
subroot_map_50005736,750,0
subroot_map_50024101,1278,0
subroot_map_123596001,62,0
subroot_map_50013217,294,0
subroot_map_124086006,4,0
subroot_map_50015518,22,0
subroot_map_122430002,15,0
subroot_map_50016729,394,0
subroot_map_50025680,30,0
subroot_map_122730001,17,0
subroot_map_121472013,14,0
subroot_map_121288001,3,0
subroot_map_122880002,266,0
subroot_map_50009047,142,0
subroot_map_50010394,107,0
subroot_map_50014759,124,0
subroot_map_50003860,72,0
subroot_map_122444001,82,0
subroot_map_50003854,310,0
subroot_map_50026617,377,0
subroot_map_50002409,102,0
subroot_map_121380002,262,0
subroot_map_124488008,114,0
subroot_map_50012342,170,0
subroot_map_50014763,6,0
subroot_map_50012345,152,0
subroot_map_50014764,2052,0
subroot_map_50012347,117,0
subroot_map_50012349,209,0
subroot_map_50010021,200,0
subroot_map_121368002,76,0
subroot_map_50009033,819,0
subroot_map_50009032,1669,0
subroot_map_50000582,212,0
subroot_map_50003853,29,0
subroot_map_50000583,321,0
subroot_map_124462006,598,0
subroot_map_122682001,5,0
subroot_map_50004816,5,0
subroot_map_50496015,520,0
subroot_map_50160002,3,0
subroot_map_50022270,7,0
subroot_map_50012473,182,0
subroot_map_50012354,320,0
subroot_map_50013202,50,0
subroot_map_50014855,8262,0
subroot_map_50014854,190,0
subroot_map_50012314,38,0
subroot_map_50013888,1240,0
subroot_map_121392003,121,0
subroot_map_121392004,3923,0
subroot_map_50003881,9,0
subroot_map_50023206,1656,0
subroot_map_50023688,96,0
subroot_map_50024300,21,0
subroot_map_50023573,112,0
subroot_map_50004849,16,0
subroot_map_50013891,119,0
subroot_map_217302,2,0
subroot_map_50010167,772,0
subroot_map_1512,16,0
subroot_map_50000360,31,0
subroot_map_122946001,224,0
subroot_map_121462024,101,0
subroot_map_350310,52,0
subroot_map_124130011,20,0
subroot_map_50002415,37,0
subroot_map_50019084,3,0
subroot_map_50002898,22,0
subroot_map_50025883,110,0
subroot_map_50005929,13,0
subroot_map_217311,420,0
subroot_map_50011129,41,0
subroot_map_123538002,82,0
subroot_map_50010159,1267,0
subroot_map_50014512,32,0
subroot_map_50012455,213,0
subroot_map_50012412,226,0
subroot_map_2512,671,0
subroot_map_50008275,28,0
subroot_map_50013866,35,0
subroot_map_50012777,66,0
subroot_map_50012778,69,0
subroot_map_50013868,488,0
subroot_map_50013869,3385,0
subroot_map_50008274,805,0
subroot_map_124730001,94,0
subroot_map_50021133,34,0
subroot_map_124300002,39,0
subroot_map_121390007,50,0
subroot_map_50024881,194,0
subroot_map_50013870,1182,0
subroot_map_50013871,347,0
subroot_map_50012784,66,0
subroot_map_50012785,60,0
subroot_map_121434026,93,0
subroot_map_124506009,184,0
subroot_map_50012786,86,0
subroot_map_50010464,162,0
subroot_map_50012787,57,0
subroot_map_124472007,87,0
subroot_map_50012424,104,0
subroot_map_50013876,2009,0
subroot_map_50015816,19,0
subroot_map_50012307,96,0
subroot_map_50025858,294,0
subroot_map_50001871,419,0
subroot_map_50025864,3,0
subroot_map_50023444,51,0
subroot_map_50025862,17,0
subroot_map_50001865,117,0
subroot_map_50001748,4,0
subroot_map_122996002,1313,0
subroot_map_50013882,185,0
subroot_map_50008179,134,0
subroot_map_1205,582,0
subroot_map_50604012,5,0
subroot_map_121458010,56,0
subroot_map_50025710,395,0
subroot_map_50004925,43,0
subroot_map_50148003,30,0
subroot_map_50010485,165,0
subroot_map_50012766,32,0
subroot_map_50013618,1702,0
subroot_map_50025838,107,0
subroot_map_50024626,155,0
subroot_map_50022568,22,0
subroot_map_121404024,34,0
subroot_map_50000201,1,0
subroot_map_122438002,8,0
subroot_map_50000557,1512,0
subroot_map_50023660,12,0
subroot_map_121416008,206,0
subroot_map_123188001,46,0
subroot_map_50012771,236,0
subroot_map_122738001,181,0
subroot_map_50012773,63,0
subroot_map_50013823,199,0
subroot_map_50011888,411,0
subroot_map_122960001,4,0
subroot_map_50023508,62,0
subroot_map_50009206,283,0
subroot_map_50020362,14,0
subroot_map_124238002,54,0
subroot_map_50019250,243,0
subroot_map_121388007,6,0
subroot_map_50010789,31,0
subroot_map_122624007,15,0
subroot_map_50011892,19,0
subroot_map_50011893,145,0
subroot_map_50011894,359,0
subroot_map_110209,65,0
subroot_map_50011895,8,0
subroot_map_50011896,5,0
subroot_map_50014923,9,0
subroot_map_2301,113,0
subroot_map_110207,2,0
subroot_map_110201,4,0
subroot_map_50020006,21,0
subroot_map_110202,6,0
subroot_map_110203,14,0
subroot_map_50009556,41,0
subroot_map_50020126,233,0
subroot_map_50020489,13,0
subroot_map_2309,7,0
subroot_map_50019269,199,0
subroot_map_50010531,187,0
subroot_map_124728004,33,0
subroot_map_50010410,670,0
subroot_map_50012711,84,0
subroot_map_50011866,233,0
subroot_map_50012834,202,0
subroot_map_50024938,2008,0
subroot_map_50022516,68,0
subroot_map_50012959,115,0
subroot_map_121458052,102,0
subroot_map_50023725,11661,0
subroot_map_50020459,17,0
subroot_map_122740001,599,0
subroot_map_50023721,10,0
subroot_map_124492002,13,0
subroot_map_50019592,141,0
subroot_map_50022520,166,0
subroot_map_50001739,740,0
subroot_map_50010567,122,0
subroot_map_50010566,10,0
subroot_map_50011992,118,0
subroot_map_50011997,58,0
subroot_map_50011877,43,0
subroot_map_50009339,44,0
subroot_map_121460005,1470,0
subroot_map_50023613,178,0
subroot_map_121448009,26,0
subroot_map_50022891,238,0
subroot_map_50001965,13,0
subroot_map_50018398,298,0
subroot_map_50019007,161,0
subroot_map_50018158,181,0
subroot_map_50010798,73,0
subroot_map_50010797,108,0
overseas_list_hk,1,0
subroot_map_50000063,35,0
subroot_map_50018909,272,0
subroot_map_50018425,26,0
subroot_map_50008246,6,0
qq_length_11,1,0
subroot_map_50024880,76,0
subroot_map_121474002,19,0
subroot_map_50590001,22,0
qq_length_6,1,0
subroot_map_50018808,15,0
subroot_map_50018813,14,0
subroot_map_50050372,10,0
subroot_map_121434057,14,0
qq_length_12,1,0
job_list_school,1,0
subroot_map_50011990,71,0
subroot_map_50008551,26,0
subroot_map_121386020,1,0
subroot_map_3331,22,0
subroot_map_123126002,2,0
subroot_map_50018801,33,0
subroot_map_124710006,12,0
subroot_map_50019103,40,0
subroot_map_50019309,7,0
subroot_map_50012910,4,0
subroot_map_50000054,100,0
subroot_map_50001931,55,0
subroot_map_50019318,24,0
subroot_map_53,0,0
subroot_map_50022728,69,0
subroot_map_50020995,1,0
subroot_map_50019098,17,0
subroot_map_124688012,9,0
subroot_map_124212008,36,0
subroot_map_350210,21,0
subroot_map_50026627,4,0
subroot_map_121466042,7,0
subroot_map_124984001,19,0
subroot_map_124912001,1,0
subroot_map_50019077,13,0
subroot_map_50019293,38,0
subroot_map_50019058,8,0
subroot_map_50019055,2,0
subroot_map_50008144,4,0
subroot_map_50014851,153,0
subroot_map_50014852,1,0
subroot_map_140701,20,0
subroot_map_124386001,5,0
subroot_map_50604005,2,0
subroot_map_50023415,1,0
subroot_map_50019287,158,0
subroot_map_50019286,12,0
subroot_map_50010792,17,0
subroot_map_2311,57,0
subroot_map_50676001,40,0
subroot_map_50582002,3,0
subroot_map_50017871,124,0
subroot_map_50014929,24,0
subroot_map_50020372,4,0
subroot_map_124728003,702,0
subroot_map_50023729,4,0
subroot_map_50023727,15,0
subroot_map_50023293,15,0
subroot_map_50118013,2,0
subroot_map_50023068,40,0
subroot_map_50013908,103,0
subroot_map_3332,11,0
subroot_map_50017117,8,0
subroot_map_50012346,62,0
subroot_map_50003848,4,0
subroot_map_50012353,36,0
subroot_map_50020856,153,0
subroot_map_50012320,129,0
subroot_map_50008884,39,0
subroot_map_124546013,77,0
subroot_map_50020846,129,0
subroot_map_50012097,5,0
subroot_map_50012099,15,0
subroot_map_50020492,112,0
subroot_map_121388024,4,0
subroot_map_50018391,19,0
overseas_list_sg,1,0
overseas_list_tw,1,0
subroot_map_50015380,12,0
qq_length_7,1,0
subroot_map_50011720,3,0
subroot_map_50011721,2,0
subroot_map_50020674,3,0
subroot_map_50008555,17,0
subroot_map_50020673,3,0
subroot_map_125142004,20,0
subroot_map_110805,5,0
subroot_map_211503,3,0
subroot_map_50005273,17,0
subroot_map_50011739,30,0
subroot_map_50020442,1,0
subroot_map_50016195,5,0
subroot_map_50011982,41,0
subroot_map_50011704,1,0
subroot_map_50005051,57,0
subroot_map_50020672,3,0
subroot_map_50020671,5,0
subroot_map_121418029,18,0
subroot_map_164206,19,0
subroot_map_122014001,1,0
subroot_map_50004399,41,0
subroot_map_50132001,21,0
subroot_map_50020617,18,0
subroot_map_50020854,33,0
subroot_map_50020851,21,0
subroot_map_50000802,37,0
subroot_map_50020834,61,0
subroot_map_124420003,14,0
subroot_map_50020843,6,0
subroot_map_124942005,23,0
subroot_map_50020842,2,0
subroot_map_122732001,77,0
subroot_map_50015230,5,0
subroot_map_50010801,15,0
subroot_map_350504,12,0
subroot_map_350502,8,0
subroot_map_50025009,50,0
subroot_map_50025008,90,0
subroot_map_50018720,36,0
subroot_map_50012186,3,0
subroot_map_290501,7,0
subroot_map_50013007,6,0
subroot_map_50024138,65,0
subroot_map_50024389,29,0
subroot_map_50023052,7,0
subroot_map_10,0,0
subroot_map_50017859,63,0
subroot_map_50011161,55,0
subroot_map_50005961,27,0
subroot_map_50004870,21,0
subroot_map_50003770,8,0
subroot_map_50024258,5,0
subroot_map_50024253,5,0
subroot_map_50004893,13,0
subroot_map_50025555,8,0
subroot_map_121392034,53,0
subroot_map_122854005,10,0
subroot_map_50004645,16,0
subroot_map_50003312,18,0
subroot_map_50017905,13,0
subroot_map_50013796,5,0
subroot_map_50010020,6,0
subroot_map_122650004,1,0
subroot_map_50022271,16,0
subroot_map_50013322,22,0
subroot_map_50015943,25,0
subroot_map_121380022,4,0
subroot_map_50506014,18,0
subroot_map_50021132,7,0
subroot_map_211112,8,0
subroot_map_50021105,34,0
subroot_map_50004806,4,0
subroot_map_50011556,47,0
subroot_map_121390019,57,0
subroot_map_111409,111,0
subroot_map_50020494,29,0
subroot_map_50020493,37,0
subroot_map_120878006,16,0
subroot_map_50011743,67,0
subroot_map_50011744,85,0
subroot_map_50011746,163,0
subroot_map_50011991,6,0
subroot_map_50012601,7,0
subroot_map_50011996,4,0
subroot_map_50022889,6,0
subroot_map_50008369,11,0
subroot_map_50019240,3,0
subroot_map_50012934,5,0
subroot_map_50012937,8,0
subroot_map_50018245,19,0
subroot_map_50001810,8,0
subroot_map_50510011,195,0
subroot_map_50005174,12,0
subroot_map_121398019,4,0
subroot_map_50020998,18,0
subroot_map_50019539,20,0
subroot_map_50008622,13,0
subroot_map_140117,1,0
subroot_map_50008889,78,0
subroot_map_50050378,19,0
subroot_map_50015370,56,0
subroot_map_50015373,6,0
subroot_map_50013195,20,0
subroot_map_50015372,28,0
subroot_map_50017311,11,0
subroot_map_50024096,54,0
subroot_map_121452004,11,0
subroot_map_50012081,7,0
subroot_map_50024060,25,0
subroot_map_50016203,10,0
subroot_map_50018870,8,0
subroot_map_121410018,4,0
subroot_map_50013151,1,0
subroot_map_50012067,18,0
subroot_map_124486002,7,0
subroot_map_50012044,21,0
subroot_map_50012047,22,0
subroot_map_50050546,5,0
subroot_map_50013228,113,0
subroot_map_50050643,4,0
subroot_map_124508011,3,0
subroot_map_50012382,8,0
subroot_map_50012142,37,0
subroot_map_50013474,3,0
subroot_map_50012149,11,0
subroot_map_121460027,11,0
subroot_map_121472034,124,0
subroot_map_50598001,33,0
subroot_map_125160006,5,0
subroot_map_50024346,5,0
subroot_map_50004767,31,0
subroot_map_50006948,17,0
subroot_map_50001248,3,0
subroot_map_50021048,21,0
subroot_map_122742001,69,0
subroot_map_50014762,4,0
subroot_map_50012348,12,0
subroot_map_124636001,6,0
subroot_map_121462007,7,0
subroot_map_1402,8,0
subroot_map_50021033,6,0
subroot_map_50013892,54,0
subroot_map_50011257,13,0
subroot_map_50010160,68,0
subroot_map_50025885,8,0
subroot_map_50012775,58,0
subroot_map_50018082,36,0
subroot_map_124490003,4,0
subroot_map_50021011,21,0
subroot_map_50013877,27,0
subroot_map_50025859,30,0
subroot_map_124472004,297,0
subroot_map_50025861,5,0
subroot_map_50008055,7,0
subroot_map_1201,79,0
subroot_map_50000561,208,0
subroot_map_122656008,6,0
subroot_map_50025832,18,0
subroot_map_50020397,6,0
subroot_map_50012774,54,0
subroot_map_2310,48,0
subroot_map_50011404,175,0
subroot_map_121388008,4,0
subroot_map_50018025,48,0
subroot_map_124634003,63,0
subroot_map_3415,12,0
subroot_map_50024944,3,0
subroot_map_50020585,10,0
subroot_map_122904002,37,0
subroot_map_124386002,4,0
subroot_map_125100031,28,0
subroot_map_50016450,10,0
subroot_map_50530002,21,0
subroot_map_50008552,8,0
subroot_map_50008556,3,0
subroot_map_50019690,1,0
subroot_map_50016189,4,0
subroot_map_50008542,2,0
subroot_map_50005272,1,0
subroot_map_125210001,6,0
subroot_map_121418033,52,0
subroot_map_50408001,2,0
subroot_map_50018103,1,0
subroot_map_124780008,1,0
subroot_map_124468004,4,0
subroot_map_50011718,3,0
subroot_map_124986002,17,0
subroot_map_50017269,5,0
subroot_map_2159,4,0
subroot_map_50010828,5,0
subroot_map_50018326,4,0
subroot_map_50003291,1,0
subroot_map_50008741,5,0
subroot_map_50132002,59,0
subroot_map_50005251,7,0
subroot_map_50006101,3,0
subroot_map_50005009,6,0
subroot_map_125088001,3,0
subroot_map_50025010,5,0
subroot_map_50003695,19,0
subroot_map_50004788,34,0
subroot_map_211710,1,0
subroot_map_50012160,75,0
subroot_map_50013253,2,0
subroot_map_50017616,1,0
subroot_map_50023061,3,0
subroot_map_50023060,2,0
subroot_map_121414009,4,0
subroot_map_111219,5,0
subroot_map_121402026,21,0
subroot_map_121392033,32,0
subroot_map_50017903,4,0
subroot_map_50023109,1,0
subroot_map_50002894,3,0
subroot_map_121380009,6,0
subroot_map_50012466,12,0
subroot_map_50009035,19,0
subroot_map_50010022,3,0
subroot_map_50023363,12,0
subroot_map_88,0,0
subroot_map_50011130,17,0
subroot_map_50023100,1,0
subroot_map_110511,2,0
subroot_map_50019296,27,0
subroot_map_50492006,3,0
subroot_map_50450016,9,0
subroot_map_50022440,1,0
subroot_map_50012880,5,0
subroot_map_50018194,7,0
subroot_map_50019289,28,0
subroot_map_121434050,6,0
subroot_map_50019288,2,0
subroot_map_50008352,2,0
subroot_map_50019494,1,0
subroot_map_50017077,1,0
subroot_map_50001718,2,0
subroot_map_50002809,4,0
subroot_map_3306,73,0
subroot_map_50011745,14,0
subroot_map_110308,2,0
subroot_map_50022648,2,0
subroot_map_50018244,3,0
subroot_map_121420031,1,0
subroot_map_122874003,7,0
subroot_map_121616001,5,0
subroot_map_50019782,1,0
subroot_map_140116,3,0
subroot_map_50019306,2,0
subroot_map_50015397,3,0
subroot_map_50008886,6,0
subroot_map_121434010,27,0
subroot_map_50017589,1,0
subroot_map_125058009,5,0
subroot_map_121400006,8,0
subroot_map_124484013,2,0
subroot_map_50019503,3,0
subroot_map_50017776,15,0
subroot_map_121464004,6,0
subroot_map_50015369,4,0
subroot_map_50026460,5,0
subroot_map_50012064,2,0
subroot_map_50004658,16,0
subroot_map_50014496,1,0
subroot_map_50012079,2,0
subroot_map_50016434,44,0
subroot_map_50012038,5,0
subroot_map_50012041,5,0
subroot_map_124486006,11,0
subroot_map_50020906,3,0
subroot_map_124710024,3,0
subroot_map_50004204,3,0
subroot_map_50004687,37,0
subroot_map_121506001,5,0
subroot_map_50023280,4,0
subroot_map_50003679,2,0
subroot_map_50012374,1,0
subroot_map_122968002,18,0
subroot_map_50012101,11,0
subroot_map_50562004,1,0
subroot_map_50012351,9,0
subroot_map_50025865,5,0
subroot_map_50004725,4,0
subroot_map_50014503,2,0
subroot_map_50446020,2,0
subroot_map_50021046,3,0
subroot_map_50025884,2,0
subroot_map_50002535,12,0
subroot_map_50012776,1,0
subroot_map_302909,7,0
subroot_map_50025839,10,0
subroot_map_50022537,2,0
subroot_map_50020596,4,0
subroot_map_110206,4,0
subroot_map_50532001,5,0
subroot_map_124226006,3,0
subroot_map_50013810,3,0
subroot_map_50009578,8,0
subroot_map_121470039,4,0
qq_length_17,1,0
subroot_map_121368010,12,0
subroot_map_50020421,1,0
qq_length_5,1,0
qq_length_13,1,0
subroot_map_50514003,20,0
subroot_map_50016213,1,0
subroot_map_2,0,0
overseas_list_vn,1,0
subroot_map_50013003,4,0
overseas_list_my,1,0
subroot_map_50026568,9,0
subroot_map_50020966,2,0
subroot_map_1101,2,0
subroot_map_50020280,5,0
subroot_map_121292001,2,0
subroot_map_50020599,3,0
subroot_map_261407,7,0
qq_length_18,1,0
overseas_list_nz,1,0
qq_length_16,1,0
qq_length_14,1,0
qq_length_4,1,0
subroot_map_50024394,1,0
subroot_map_350301,3,0
subroot_map_50020679,5,0
subroot_map_50776001,1,0
subroot_map_122632010,6,0
subroot_map_18,0,0
subroot_map_124464006,18,0
subroot_map_50026420,8,0
subroot_map_50005945,6,0
subroot_map_50011127,5,0
subroot_map_50015915,3,0
subroot_map_50020573,1,0
subroot_map_121398020,18,0
subroot_map_50009980,2,0
subroot_map_50008890,2,0
subroot_map_50050143,3,0
subroot_map_50009979,4,0
subroot_map_50026457,8,0
subroot_map_50021042,2,0
subroot_map_50008046,1,0
subroot_map_50020392,2,0
subroot_map_124492003,6,0
subroot_map_121388020,2,0
subroot_map_50019790,2,0
subroot_map_4,0,0
subroot_map_50020180,2,0
subroot_map_50023110,2,0
subroot_map_50010689,1,0
subroot_map_121366011,2,0
subroot_map_121404016,9,0
subroot_map_50458021,1,0
subroot_map_121370001,1,0
subroot_map_50020680,1,0
subroot_map_124092006,6,0
subroot_map_50020449,1,0
subroot_map_50015134,1,0
subroot_map_50023690,2,0
subroot_map_110205,2,0
subroot_map_50019242,4,0
subroot_map_125052004,7,0
subroot_map_50014813,1,0
subroot_map_121448014,3,0
subroot_map_50012037,1,0
subroot_map_50023726,1,0
subroot_map_50019784,1,0
subroot_map_121410019,1,0
subroot_map_50021027,1,0
registration_years_type1,1,0
subroot_map_211104,10,0
subroot_map_50021045,1,0
subroot_map_50012331,1,0
subroot_map_50026312,5,0
subroot_map_50160001,8,0
subroot_map_50025996,2,0
subroot_map_350401,5,0
subroot_map_50010422,4,0
subroot_map_15,0,0
subroot_map_50025240,1,0
subroot_map_124720004,1,0
subroot_map_50023605,2,0
subroot_map_124494003,8,0
job_list_goverment,1,0
subroot_map_121482007,4,0
subroot_map_50008145,4,0
subroot_map_50006844,2,0
subroot_map_50014850,1,0
job_list_airline,1,0
subroot_map_50019096,2,0
subroot_map_50019073,3,0
subroot_map_3,0,0
subroot_map_50015194,2,0
subroot_map_124724008,59,0
subroot_map_121988001,1,0
subroot_map_50005715,2,0
subroot_map_50018225,3,0
subroot_map_50008482,1,0
subroot_map_5,0,0
subroot_map_122846003,1,0
subroot_map_123222007,13,0
subroot_map_11,0,0
subroot_map_50025863,11,0
subroot_map_124146004,10,0
subroot_map_124096010,1,0
job_list_bank,1,0
subroot_map_6,0,0
subroot_map_50017321,2,0
subroot_map_121474016,2,0
subroot_map_50019361,1,0
subroot_map_50023720,2,0
subroot_map_7,0,0
subroot_map_50001813,1,0
subroot_map_50025133,3,0
subroot_map_125080007,1,0
subroot_map_50010814,3,0
subroot_map_50000013,1,0
subroot_map_50008321,1,0
subroot_map_50020445,1,0
subroot_map_50020675,2,0
subroot_map_124842004,1,0
subroot_map_50023366,2,0
subroot_map_50050464,1,0
registration_years_type5,1,0
subroot_map_125458001,4,0
subroot_map_124104007,1,0
subroot_map_50104002,3,0
subroot_map_63,0,0
subroot_map_50008146,4,0
subroot_map_50008147,1,0
subroot_map_50018096,2,0
subroot_map_121458041,1,0
overseas_list_jp,1,0
subroot_map_50023914,1,0
overseas_list_ru,1,0
subroot_map_124866006,1,0
subroot_map_124476007,1,0
subroot_map_50008553,2,0
subroot_map_121422036,2,0
subroot_map_110507,1,0
subroot_map_50020400,1,0
subroot_map_350709,1,0
subroot_map_50023950,3,0
subroot_map_1403,2,0
overseas_list_me,1,0
subroot_map_50025245,2,0
subroot_map_121416021,1,0
subroot_map_50017318,1,0
subroot_map_50003987,4,0
subroot_map_50025242,1,0
subroot_map_50012161,1,0
qq_length_3,1,0
subroot_map_122012002,2,0
subroot_map_50025244,1,0
subroot_map_50017072,1,0
subroot_map_50008148,1,0
overseas_list_ua,1,0
subroot_map_50004960,3,0
subroot_map_12,0,0
subroot_map_50015886,1,0
subroot_map_121462040,1,0
subroot_map_50020404,2,0
subroot_map_121476003,1,0
subroot_map_50010686,1,0
subroot_map_121478018,2,0
overseas_list_uk,1,0
subroot_map_50024607,1,0
subroot_map_125124004,1,0
subroot_map_50019273,1,0
subroot_map_121368025,3,0
subroot_map_123330001,1,0
subroot_map_124710009,1,0
subroot_map_50014853,1,0
subroot_map_13,0,0
subroot_map_8,0,0
subroot_map_50025252,2,0
subroot_map_125144005,1,0
subroot_map_50015211,3,0
subroot_map_50026554,1,0
subroot_map_50025247,1,0
subroot_map_50017906,1,0
subroot_map_50462016,1,0
subroot_map_122018001,1,0
subroot_map_122970005,2,0
subroot_map_50022357,1,0
